algorithm,dataset,repetition,quality,supp+,time
SD,alon-pn-freq-2_nominal,1,24.1,0.8,0.312
SD,alon-pn-freq-2_nominal,2,24.1,0.8,0.275
SD,alon-pn-freq-2_nominal,3,24.1,0.8,0.262
SD,alon-pn-freq-2_nominal,4,24.1,0.8,0.255
SD,alon-pn-freq-2_nominal,5,24.1,0.8,0.257
SD,alon-pn-freq-2_nominal,6,24.1,0.8,0.255
SD,alon-pn-freq-2_nominal,7,24.1,0.8,0.25
SD,alon-pn-freq-2_nominal,8,24.1,0.8,0.255
SD,alon-pn-freq-2_nominal,9,24.1,0.8,0.251
SD,alon-pn-freq-2_nominal,10,24.1,0.8,0.254
SSDP+,alon-pn-freq-2_nominal,1,24.0,0.8,0.279
SSDP+,alon-pn-freq-2_nominal,2,24.0,0.85,0.223
SSDP+,alon-pn-freq-2_nominal,3,23.9,0.825,0.216
SSDP+,alon-pn-freq-2_nominal,4,23.9,0.775,0.211
SSDP+,alon-pn-freq-2_nominal,5,24.0,0.8,0.213
SSDP+,alon-pn-freq-2_nominal,6,23.9,0.75,0.21
SSDP+,alon-pn-freq-2_nominal,7,23.9,0.825,0.191
SSDP+,alon-pn-freq-2_nominal,8,23.9,0.8,0.189
SSDP+,alon-pn-freq-2_nominal,9,23.8,0.8,0.184
SSDP+,alon-pn-freq-2_nominal,10,23.9,0.8,0.206
SMHDD,alon-pn-freq-2_nominal,1,24.0,0.8,0.14
SMHDD,alon-pn-freq-2_nominal,2,24.0,0.85,0.067
SMHDD,alon-pn-freq-2_nominal,3,23.9,0.825,0.064
SMHDD,alon-pn-freq-2_nominal,4,23.9,0.775,0.068
SMHDD,alon-pn-freq-2_nominal,5,24.0,0.8,0.061
SMHDD,alon-pn-freq-2_nominal,6,23.9,0.75,0.062
SMHDD,alon-pn-freq-2_nominal,7,23.9,0.825,0.054
SMHDD,alon-pn-freq-2_nominal,8,23.9,0.8,0.053
SMHDD,alon-pn-freq-2_nominal,9,23.8,0.8,0.05
SMHDD,alon-pn-freq-2_nominal,10,23.9,0.8,0.06
SD,burczynski-pn-freq-2_nominal,1,32.9,0.9322033898305084,6.135
SD,burczynski-pn-freq-2_nominal,2,32.9,0.9322033898305084,6.186
SD,burczynski-pn-freq-2_nominal,3,32.9,0.9322033898305084,6.208
SD,burczynski-pn-freq-2_nominal,4,32.9,0.9322033898305084,6.166
SD,burczynski-pn-freq-2_nominal,5,32.9,0.9322033898305084,6.19
SD,burczynski-pn-freq-2_nominal,6,32.9,0.9322033898305084,6.15
SD,burczynski-pn-freq-2_nominal,7,32.9,0.9322033898305084,6.203
SD,burczynski-pn-freq-2_nominal,8,32.9,0.9322033898305084,6.25
SD,burczynski-pn-freq-2_nominal,9,32.9,0.9322033898305084,6.198
SD,burczynski-pn-freq-2_nominal,10,32.9,0.9322033898305084,6.197
SSDP+,burczynski-pn-freq-2_nominal,1,37.5,0.864406779661017,8.027
SSDP+,burczynski-pn-freq-2_nominal,2,37.3,0.864406779661017,7.795
SSDP+,burczynski-pn-freq-2_nominal,3,37.4,0.8813559322033898,7.721
SSDP+,burczynski-pn-freq-2_nominal,4,37.4,0.847457627118644,8.247
SSDP+,burczynski-pn-freq-2_nominal,5,37.4,0.8813559322033898,7.402
SSDP+,burczynski-pn-freq-2_nominal,6,37.5,0.847457627118644,7.952
SSDP+,burczynski-pn-freq-2_nominal,7,37.5,0.9322033898305084,8.115
SSDP+,burczynski-pn-freq-2_nominal,8,37.4,0.847457627118644,8.347
SSDP+,burczynski-pn-freq-2_nominal,9,37.3,0.8305084745762712,7.63
SSDP+,burczynski-pn-freq-2_nominal,10,37.4,0.8813559322033898,8.703
SMHDD,burczynski-pn-freq-2_nominal,1,37.5,0.864406779661017,1.453
SMHDD,burczynski-pn-freq-2_nominal,2,37.3,0.864406779661017,1.491
SMHDD,burczynski-pn-freq-2_nominal,3,37.4,0.8813559322033898,1.458
SMHDD,burczynski-pn-freq-2_nominal,4,37.4,0.847457627118644,1.587
SMHDD,burczynski-pn-freq-2_nominal,5,37.4,0.8813559322033898,1.432
SMHDD,burczynski-pn-freq-2_nominal,6,37.5,0.847457627118644,1.51
SMHDD,burczynski-pn-freq-2_nominal,7,37.5,0.9322033898305084,1.536
SMHDD,burczynski-pn-freq-2_nominal,8,37.4,0.847457627118644,1.629
SMHDD,burczynski-pn-freq-2_nominal,9,37.3,0.8305084745762712,1.449
SMHDD,burczynski-pn-freq-2_nominal,10,37.4,0.8813559322033898,1.698
SD,chiaretti-pn-freq-2_nominal,1,38.5,0.8783783783783784,3.292
SD,chiaretti-pn-freq-2_nominal,2,38.5,0.8783783783783784,3.312
SD,chiaretti-pn-freq-2_nominal,3,38.5,0.8783783783783784,3.348
SD,chiaretti-pn-freq-2_nominal,4,38.5,0.8783783783783784,3.316
SD,chiaretti-pn-freq-2_nominal,5,38.5,0.8783783783783784,3.316
SD,chiaretti-pn-freq-2_nominal,6,38.5,0.8783783783783784,3.264
SD,chiaretti-pn-freq-2_nominal,7,38.5,0.8783783783783784,3.306
SD,chiaretti-pn-freq-2_nominal,8,38.5,0.8783783783783784,3.321
SD,chiaretti-pn-freq-2_nominal,9,38.5,0.8783783783783784,3.321
SD,chiaretti-pn-freq-2_nominal,10,38.5,0.8783783783783784,3.322
SSDP+,chiaretti-pn-freq-2_nominal,1,42.2,0.7027027027027027,3.613
SSDP+,chiaretti-pn-freq-2_nominal,2,42.2,0.7027027027027027,3.622
SSDP+,chiaretti-pn-freq-2_nominal,3,42.2,0.7027027027027027,3.545
SSDP+,chiaretti-pn-freq-2_nominal,4,42.2,0.7027027027027027,3.505
SSDP+,chiaretti-pn-freq-2_nominal,5,42.2,0.7027027027027027,3.713
SSDP+,chiaretti-pn-freq-2_nominal,6,42.2,0.7027027027027027,3.953
SSDP+,chiaretti-pn-freq-2_nominal,7,42.2,0.7162162162162162,3.623
SSDP+,chiaretti-pn-freq-2_nominal,8,42.2,0.7162162162162162,3.825
SSDP+,chiaretti-pn-freq-2_nominal,9,42.2,0.7162162162162162,3.645
SSDP+,chiaretti-pn-freq-2_nominal,10,42.2,0.7027027027027027,3.569
SMHDD,chiaretti-pn-freq-2_nominal,1,42.2,0.7027027027027027,0.656
SMHDD,chiaretti-pn-freq-2_nominal,2,42.2,0.7027027027027027,0.693
SMHDD,chiaretti-pn-freq-2_nominal,3,42.2,0.7027027027027027,0.659
SMHDD,chiaretti-pn-freq-2_nominal,4,42.2,0.7027027027027027,0.706
SMHDD,chiaretti-pn-freq-2_nominal,5,42.2,0.7027027027027027,0.747
SMHDD,chiaretti-pn-freq-2_nominal,6,42.2,0.7027027027027027,0.9
SMHDD,chiaretti-pn-freq-2_nominal,7,42.2,0.7162162162162162,0.769
SMHDD,chiaretti-pn-freq-2_nominal,8,42.2,0.7162162162162162,0.849
SMHDD,chiaretti-pn-freq-2_nominal,9,42.2,0.7162162162162162,0.765
SMHDD,chiaretti-pn-freq-2_nominal,10,42.2,0.7027027027027027,0.725
SD,chin-pn-freq-2_nominal,1,42.6,0.96,5.663
SD,chin-pn-freq-2_nominal,2,42.6,0.96,5.729
SD,chin-pn-freq-2_nominal,3,42.6,0.96,5.726
SD,chin-pn-freq-2_nominal,4,42.6,0.96,5.792
SD,chin-pn-freq-2_nominal,5,42.6,0.96,5.712
SD,chin-pn-freq-2_nominal,6,42.6,0.96,5.669
SD,chin-pn-freq-2_nominal,7,42.6,0.96,5.691
SD,chin-pn-freq-2_nominal,8,42.6,0.96,5.652
SD,chin-pn-freq-2_nominal,9,42.6,0.96,5.697
SD,chin-pn-freq-2_nominal,10,42.6,0.96,5.643
SSDP+,chin-pn-freq-2_nominal,1,42.7,0.9733333333333334,5.32
SSDP+,chin-pn-freq-2_nominal,2,42.7,0.9733333333333334,5.092
SSDP+,chin-pn-freq-2_nominal,3,42.6,0.96,4.885
SSDP+,chin-pn-freq-2_nominal,4,42.7,0.9733333333333334,5.236
SSDP+,chin-pn-freq-2_nominal,5,42.7,0.9733333333333334,4.922
SSDP+,chin-pn-freq-2_nominal,6,42.7,0.9733333333333334,5.101
SSDP+,chin-pn-freq-2_nominal,7,42.7,0.96,5.324
SSDP+,chin-pn-freq-2_nominal,8,42.7,0.9733333333333334,4.941
SSDP+,chin-pn-freq-2_nominal,9,42.7,0.9733333333333334,4.73
SSDP+,chin-pn-freq-2_nominal,10,42.7,0.96,5.007
SMHDD,chin-pn-freq-2_nominal,1,42.7,0.9733333333333334,1.083
SMHDD,chin-pn-freq-2_nominal,2,42.7,0.9733333333333334,1.004
SMHDD,chin-pn-freq-2_nominal,3,42.6,0.96,0.967
SMHDD,chin-pn-freq-2_nominal,4,42.7,0.9733333333333334,1.036
SMHDD,chin-pn-freq-2_nominal,5,42.7,0.9733333333333334,0.953
SMHDD,chin-pn-freq-2_nominal,6,42.7,0.9733333333333334,0.978
SMHDD,chin-pn-freq-2_nominal,7,42.7,0.96,1.062
SMHDD,chin-pn-freq-2_nominal,8,42.7,0.9733333333333334,0.993
SMHDD,chin-pn-freq-2_nominal,9,42.7,0.9733333333333334,0.954
SMHDD,chin-pn-freq-2_nominal,10,42.7,0.96,0.983
SD,chowdary-pn-freq-2_nominal,1,45.8,0.9838709677419355,5.0
SD,chowdary-pn-freq-2_nominal,2,45.8,0.9838709677419355,5.054
SD,chowdary-pn-freq-2_nominal,3,45.8,0.9838709677419355,5.148
SD,chowdary-pn-freq-2_nominal,4,45.8,0.9838709677419355,5.086
SD,chowdary-pn-freq-2_nominal,5,45.8,0.9838709677419355,5.059
SD,chowdary-pn-freq-2_nominal,6,45.8,0.9838709677419355,5.059
SD,chowdary-pn-freq-2_nominal,7,45.8,0.9838709677419355,5.073
SD,chowdary-pn-freq-2_nominal,8,45.8,0.9838709677419355,5.086
SD,chowdary-pn-freq-2_nominal,9,45.8,0.9838709677419355,5.066
SD,chowdary-pn-freq-2_nominal,10,45.8,0.9838709677419355,5.121
SSDP+,chowdary-pn-freq-2_nominal,1,46.3,0.9838709677419355,3.536
SSDP+,chowdary-pn-freq-2_nominal,2,46.4,0.9838709677419355,3.94
SSDP+,chowdary-pn-freq-2_nominal,3,46.5,0.9516129032258065,3.775
SSDP+,chowdary-pn-freq-2_nominal,4,46.3,0.967741935483871,3.799
SSDP+,chowdary-pn-freq-2_nominal,5,46.3,0.9838709677419355,3.513
SSDP+,chowdary-pn-freq-2_nominal,6,46.4,0.9516129032258065,3.56
SSDP+,chowdary-pn-freq-2_nominal,7,46.4,0.9838709677419355,3.899
SSDP+,chowdary-pn-freq-2_nominal,8,46.5,0.9516129032258065,3.678
SSDP+,chowdary-pn-freq-2_nominal,9,46.5,0.9516129032258065,3.915
SSDP+,chowdary-pn-freq-2_nominal,10,46.4,0.967741935483871,3.556
SMHDD,chowdary-pn-freq-2_nominal,1,46.3,0.9838709677419355,0.814
SMHDD,chowdary-pn-freq-2_nominal,2,46.4,0.9838709677419355,0.921
SMHDD,chowdary-pn-freq-2_nominal,3,46.5,0.9516129032258065,0.904
SMHDD,chowdary-pn-freq-2_nominal,4,46.3,0.967741935483871,0.895
SMHDD,chowdary-pn-freq-2_nominal,5,46.3,0.9838709677419355,0.83
SMHDD,chowdary-pn-freq-2_nominal,6,46.4,0.9516129032258065,0.795
SMHDD,chowdary-pn-freq-2_nominal,7,46.4,0.9838709677419355,0.914
SMHDD,chowdary-pn-freq-2_nominal,8,46.5,0.9516129032258065,0.878
SMHDD,chowdary-pn-freq-2_nominal,9,46.5,0.9516129032258065,0.922
SMHDD,chowdary-pn-freq-2_nominal,10,46.4,0.967741935483871,0.834
SD,christensen-pn-freq-2_nominal,1,98.4,0.9911504424778761,0.58
SD,christensen-pn-freq-2_nominal,2,98.4,0.9911504424778761,0.58
SD,christensen-pn-freq-2_nominal,3,98.4,0.9911504424778761,0.578
SD,christensen-pn-freq-2_nominal,4,98.4,0.9911504424778761,0.584
SD,christensen-pn-freq-2_nominal,5,98.4,0.9911504424778761,0.582
SD,christensen-pn-freq-2_nominal,6,98.4,0.9911504424778761,0.581
SD,christensen-pn-freq-2_nominal,7,98.4,0.9911504424778761,0.581
SD,christensen-pn-freq-2_nominal,8,98.4,0.9911504424778761,0.578
SD,christensen-pn-freq-2_nominal,9,98.4,0.9911504424778761,0.583
SD,christensen-pn-freq-2_nominal,10,98.4,0.9911504424778761,0.586
SSDP+,christensen-pn-freq-2_nominal,1,97.5,1.0,0.339
SSDP+,christensen-pn-freq-2_nominal,2,97.5,1.0,0.35
SSDP+,christensen-pn-freq-2_nominal,3,97.5,0.9911504424778761,0.342
SSDP+,christensen-pn-freq-2_nominal,4,97.5,1.0,0.351
SSDP+,christensen-pn-freq-2_nominal,5,97.5,0.9911504424778761,0.338
SSDP+,christensen-pn-freq-2_nominal,6,97.5,1.0,0.361
SSDP+,christensen-pn-freq-2_nominal,7,97.5,1.0,0.33
SSDP+,christensen-pn-freq-2_nominal,8,97.5,1.0,0.36
SSDP+,christensen-pn-freq-2_nominal,9,97.5,1.0,0.353
SSDP+,christensen-pn-freq-2_nominal,10,97.5,0.9911504424778761,0.374
SMHDD,christensen-pn-freq-2_nominal,1,97.5,1.0,0.078
SMHDD,christensen-pn-freq-2_nominal,2,97.5,1.0,0.073
SMHDD,christensen-pn-freq-2_nominal,3,97.5,0.9911504424778761,0.08
SMHDD,christensen-pn-freq-2_nominal,4,97.5,1.0,0.073
SMHDD,christensen-pn-freq-2_nominal,5,97.5,0.9911504424778761,0.075
SMHDD,christensen-pn-freq-2_nominal,6,97.5,1.0,0.088
SMHDD,christensen-pn-freq-2_nominal,7,97.5,1.0,0.069
SMHDD,christensen-pn-freq-2_nominal,8,97.5,1.0,0.078
SMHDD,christensen-pn-freq-2_nominal,9,97.5,1.0,0.083
SMHDD,christensen-pn-freq-2_nominal,10,97.5,0.9911504424778761,0.092
SD,golub-pn-freq-2_nominal,1,36.0,1.0,1.258
SD,golub-pn-freq-2_nominal,2,36.0,1.0,1.25
SD,golub-pn-freq-2_nominal,3,36.0,1.0,1.252
SD,golub-pn-freq-2_nominal,4,36.0,1.0,1.25
SD,golub-pn-freq-2_nominal,5,36.0,1.0,1.245
SD,golub-pn-freq-2_nominal,6,36.0,1.0,1.256
SD,golub-pn-freq-2_nominal,7,36.0,1.0,1.253
SD,golub-pn-freq-2_nominal,8,36.0,1.0,1.257
SD,golub-pn-freq-2_nominal,9,36.0,1.0,1.251
SD,golub-pn-freq-2_nominal,10,36.0,1.0,1.257
SSDP+,golub-pn-freq-2_nominal,1,36.0,1.0,0.46
SSDP+,golub-pn-freq-2_nominal,2,36.0,1.0,0.469
SSDP+,golub-pn-freq-2_nominal,3,36.0,1.0,0.473
SSDP+,golub-pn-freq-2_nominal,4,36.0,1.0,0.471
SSDP+,golub-pn-freq-2_nominal,5,36.0,1.0,0.468
SSDP+,golub-pn-freq-2_nominal,6,36.0,1.0,0.465
SSDP+,golub-pn-freq-2_nominal,7,36.0,1.0,0.458
SSDP+,golub-pn-freq-2_nominal,8,36.0,1.0,0.466
SSDP+,golub-pn-freq-2_nominal,9,36.0,1.0,0.465
SSDP+,golub-pn-freq-2_nominal,10,36.0,1.0,0.464
SMHDD,golub-pn-freq-2_nominal,1,36.0,1.0,0.117
SMHDD,golub-pn-freq-2_nominal,2,36.0,1.0,0.111
SMHDD,golub-pn-freq-2_nominal,3,36.0,1.0,0.109
SMHDD,golub-pn-freq-2_nominal,4,36.0,1.0,0.109
SMHDD,golub-pn-freq-2_nominal,5,36.0,1.0,0.115
SMHDD,golub-pn-freq-2_nominal,6,36.0,1.0,0.113
SMHDD,golub-pn-freq-2_nominal,7,36.0,1.0,0.114
SMHDD,golub-pn-freq-2_nominal,8,36.0,1.0,0.115
SMHDD,golub-pn-freq-2_nominal,9,36.0,1.0,0.108
SMHDD,golub-pn-freq-2_nominal,10,36.0,1.0,0.117
SD,gordon-pn-freq-2_nominal,1,91.2,1.0,3.409
SD,gordon-pn-freq-2_nominal,2,91.2,1.0,3.445
SD,gordon-pn-freq-2_nominal,3,91.2,1.0,3.433
SD,gordon-pn-freq-2_nominal,4,91.2,1.0,3.457
SD,gordon-pn-freq-2_nominal,5,91.2,1.0,3.447
SD,gordon-pn-freq-2_nominal,6,91.2,1.0,3.43
SD,gordon-pn-freq-2_nominal,7,91.2,1.0,3.458
SD,gordon-pn-freq-2_nominal,8,91.2,1.0,3.445
SD,gordon-pn-freq-2_nominal,9,91.2,1.0,3.431
SD,gordon-pn-freq-2_nominal,10,91.2,1.0,3.466
SSDP+,gordon-pn-freq-2_nominal,1,91.2,1.0,1.954
SSDP+,gordon-pn-freq-2_nominal,2,91.2,1.0,2.03
SSDP+,gordon-pn-freq-2_nominal,3,91.2,1.0,2.008
SSDP+,gordon-pn-freq-2_nominal,4,91.2,1.0,2.01
SSDP+,gordon-pn-freq-2_nominal,5,91.2,1.0,2.02
SSDP+,gordon-pn-freq-2_nominal,6,91.2,1.0,2.008
SSDP+,gordon-pn-freq-2_nominal,7,91.2,1.0,1.995
SSDP+,gordon-pn-freq-2_nominal,8,91.2,1.0,2.002
SSDP+,gordon-pn-freq-2_nominal,9,91.2,1.0,2.013
SSDP+,gordon-pn-freq-2_nominal,10,91.2,1.0,2.018
SMHDD,gordon-pn-freq-2_nominal,1,91.2,1.0,0.316
SMHDD,gordon-pn-freq-2_nominal,2,91.2,1.0,0.33
SMHDD,gordon-pn-freq-2_nominal,3,91.2,1.0,0.331
SMHDD,gordon-pn-freq-2_nominal,4,91.2,1.0,0.337
SMHDD,gordon-pn-freq-2_nominal,5,91.2,1.0,0.345
SMHDD,gordon-pn-freq-2_nominal,6,91.2,1.0,0.351
SMHDD,gordon-pn-freq-2_nominal,7,91.2,1.0,0.345
SMHDD,gordon-pn-freq-2_nominal,8,91.2,1.0,0.344
SMHDD,gordon-pn-freq-2_nominal,9,91.2,1.0,0.364
SMHDD,gordon-pn-freq-2_nominal,10,91.2,1.0,0.36
SD,gravier-pn-freq-2_nominal,1,44.4,0.7837837837837838,1.182
SD,gravier-pn-freq-2_nominal,2,44.4,0.7837837837837838,1.189
SD,gravier-pn-freq-2_nominal,3,44.4,0.7837837837837838,1.18
SD,gravier-pn-freq-2_nominal,4,44.4,0.7837837837837838,1.185
SD,gravier-pn-freq-2_nominal,5,44.4,0.7837837837837838,1.173
SD,gravier-pn-freq-2_nominal,6,44.4,0.7837837837837838,1.17
SD,gravier-pn-freq-2_nominal,7,44.4,0.7837837837837838,1.181
SD,gravier-pn-freq-2_nominal,8,44.4,0.7837837837837838,1.201
SD,gravier-pn-freq-2_nominal,9,44.4,0.7837837837837838,1.188
SD,gravier-pn-freq-2_nominal,10,44.4,0.7837837837837838,1.188
SSDP+,gravier-pn-freq-2_nominal,1,45.8,0.5315315315315315,0.923
SSDP+,gravier-pn-freq-2_nominal,2,46.0,0.5765765765765766,0.962
SSDP+,gravier-pn-freq-2_nominal,3,45.9,0.6306306306306306,0.929
SSDP+,gravier-pn-freq-2_nominal,4,45.4,0.5945945945945946,0.98
SSDP+,gravier-pn-freq-2_nominal,5,45.5,0.5585585585585585,0.87
SSDP+,gravier-pn-freq-2_nominal,6,46.0,0.6126126126126126,1.033
SSDP+,gravier-pn-freq-2_nominal,7,45.8,0.5315315315315315,0.946
SSDP+,gravier-pn-freq-2_nominal,8,45.6,0.5765765765765766,0.882
SSDP+,gravier-pn-freq-2_nominal,9,45.7,0.6216216216216216,0.982
SSDP+,gravier-pn-freq-2_nominal,10,45.8,0.6036036036036037,0.964
SMHDD,gravier-pn-freq-2_nominal,1,45.8,0.5315315315315315,0.165
SMHDD,gravier-pn-freq-2_nominal,2,46.0,0.5765765765765766,0.174
SMHDD,gravier-pn-freq-2_nominal,3,45.9,0.6306306306306306,0.166
SMHDD,gravier-pn-freq-2_nominal,4,45.4,0.5945945945945946,0.172
SMHDD,gravier-pn-freq-2_nominal,5,45.5,0.5585585585585585,0.147
SMHDD,gravier-pn-freq-2_nominal,6,46.0,0.6126126126126126,0.18
SMHDD,gravier-pn-freq-2_nominal,7,45.8,0.5315315315315315,0.164
SMHDD,gravier-pn-freq-2_nominal,8,45.6,0.5765765765765766,0.145
SMHDD,gravier-pn-freq-2_nominal,9,45.7,0.6216216216216216,0.171
SMHDD,gravier-pn-freq-2_nominal,10,45.8,0.6036036036036037,0.172
SD,khan-pn-freq-2_nominal,1,20.8,1.0,0.326
SD,khan-pn-freq-2_nominal,2,20.8,1.0,0.328
SD,khan-pn-freq-2_nominal,3,20.8,1.0,0.323
SD,khan-pn-freq-2_nominal,4,20.8,1.0,0.323
SD,khan-pn-freq-2_nominal,5,20.8,1.0,0.326
SD,khan-pn-freq-2_nominal,6,20.8,1.0,0.329
SD,khan-pn-freq-2_nominal,7,20.8,1.0,0.324
SD,khan-pn-freq-2_nominal,8,20.8,1.0,0.327
SD,khan-pn-freq-2_nominal,9,20.8,1.0,0.324
SD,khan-pn-freq-2_nominal,10,20.8,1.0,0.323
SSDP+,khan-pn-freq-2_nominal,1,20.8,1.0,0.238
SSDP+,khan-pn-freq-2_nominal,2,20.7,1.0,0.246
SSDP+,khan-pn-freq-2_nominal,3,20.8,1.0,0.238
SSDP+,khan-pn-freq-2_nominal,4,20.7,1.0,0.234
SSDP+,khan-pn-freq-2_nominal,5,20.6,1.0,0.234
SSDP+,khan-pn-freq-2_nominal,6,20.8,1.0,0.25
SSDP+,khan-pn-freq-2_nominal,7,20.8,1.0,0.231
SSDP+,khan-pn-freq-2_nominal,8,20.7,1.0,0.243
SSDP+,khan-pn-freq-2_nominal,9,20.8,1.0,0.238
SSDP+,khan-pn-freq-2_nominal,10,20.7,1.0,0.237
SMHDD,khan-pn-freq-2_nominal,1,20.8,1.0,0.072
SMHDD,khan-pn-freq-2_nominal,2,20.7,1.0,0.069
SMHDD,khan-pn-freq-2_nominal,3,20.8,1.0,0.068
SMHDD,khan-pn-freq-2_nominal,4,20.7,1.0,0.06
SMHDD,khan-pn-freq-2_nominal,5,20.6,1.0,0.061
SMHDD,khan-pn-freq-2_nominal,6,20.8,1.0,0.071
SMHDD,khan-pn-freq-2_nominal,7,20.8,1.0,0.063
SMHDD,khan-pn-freq-2_nominal,8,20.7,1.0,0.07
SMHDD,khan-pn-freq-2_nominal,9,20.8,1.0,0.066
SMHDD,khan-pn-freq-2_nominal,10,20.7,1.0,0.069
SD,nakayama-pn-freq-2_nominal,1,15.6,1.0,6.806
SD,nakayama-pn-freq-2_nominal,2,15.6,1.0,6.907
SD,nakayama-pn-freq-2_nominal,3,15.6,1.0,6.86
SD,nakayama-pn-freq-2_nominal,4,15.6,1.0,6.848
SD,nakayama-pn-freq-2_nominal,5,15.6,1.0,6.872
SD,nakayama-pn-freq-2_nominal,6,15.6,1.0,6.938
SD,nakayama-pn-freq-2_nominal,7,15.6,1.0,6.893
SD,nakayama-pn-freq-2_nominal,8,15.6,1.0,6.93
SD,nakayama-pn-freq-2_nominal,9,15.6,1.0,6.979
SD,nakayama-pn-freq-2_nominal,10,15.6,1.0,6.924
SSDP+,nakayama-pn-freq-2_nominal,1,18.3,1.0,9.257
SSDP+,nakayama-pn-freq-2_nominal,2,18.3,1.0,10.464
SSDP+,nakayama-pn-freq-2_nominal,3,18.1,0.9523809523809523,9.85
SSDP+,nakayama-pn-freq-2_nominal,4,18.1,0.9523809523809523,9.247
SSDP+,nakayama-pn-freq-2_nominal,5,18.3,1.0,9.642
SSDP+,nakayama-pn-freq-2_nominal,6,18.2,1.0,9.249
SSDP+,nakayama-pn-freq-2_nominal,7,18.3,1.0,9.971
SSDP+,nakayama-pn-freq-2_nominal,8,18.1,0.9523809523809523,8.888
SSDP+,nakayama-pn-freq-2_nominal,9,18.1,0.9523809523809523,9.069
SSDP+,nakayama-pn-freq-2_nominal,10,18.2,0.9523809523809523,8.98
SMHDD,nakayama-pn-freq-2_nominal,1,18.3,1.0,1.808
SMHDD,nakayama-pn-freq-2_nominal,2,18.3,1.0,2.153
SMHDD,nakayama-pn-freq-2_nominal,3,18.1,0.9523809523809523,2.022
SMHDD,nakayama-pn-freq-2_nominal,4,18.1,0.9523809523809523,1.858
SMHDD,nakayama-pn-freq-2_nominal,5,18.3,1.0,1.971
SMHDD,nakayama-pn-freq-2_nominal,6,18.2,1.0,1.844
SMHDD,nakayama-pn-freq-2_nominal,7,18.3,1.0,2.026
SMHDD,nakayama-pn-freq-2_nominal,8,18.1,0.9523809523809523,1.827
SMHDD,nakayama-pn-freq-2_nominal,9,18.1,0.9523809523809523,1.835
SMHDD,nakayama-pn-freq-2_nominal,10,18.2,0.9523809523809523,1.816
SD,pomeroy-pn-freq-2_nominal,1,20.3,1.0,0.903
SD,pomeroy-pn-freq-2_nominal,2,20.3,1.0,0.914
SD,pomeroy-pn-freq-2_nominal,3,20.3,1.0,0.917
SD,pomeroy-pn-freq-2_nominal,4,20.3,1.0,0.92
SD,pomeroy-pn-freq-2_nominal,5,20.3,1.0,0.898
SD,pomeroy-pn-freq-2_nominal,6,20.3,1.0,0.897
SD,pomeroy-pn-freq-2_nominal,7,20.3,1.0,0.904
SD,pomeroy-pn-freq-2_nominal,8,20.3,1.0,0.904
SD,pomeroy-pn-freq-2_nominal,9,20.3,1.0,0.902
SD,pomeroy-pn-freq-2_nominal,10,20.3,1.0,0.906
SSDP+,pomeroy-pn-freq-2_nominal,1,20.3,0.9743589743589743,0.886
SSDP+,pomeroy-pn-freq-2_nominal,2,20.4,1.0,1.041
SSDP+,pomeroy-pn-freq-2_nominal,3,20.2,1.0,0.835
SSDP+,pomeroy-pn-freq-2_nominal,4,20.4,1.0,0.879
SSDP+,pomeroy-pn-freq-2_nominal,5,20.3,1.0,0.836
SSDP+,pomeroy-pn-freq-2_nominal,6,20.2,0.9743589743589743,0.904
SSDP+,pomeroy-pn-freq-2_nominal,7,20.4,0.9487179487179487,0.941
SSDP+,pomeroy-pn-freq-2_nominal,8,20.3,1.0,0.877
SSDP+,pomeroy-pn-freq-2_nominal,9,20.3,0.9743589743589743,0.926
SSDP+,pomeroy-pn-freq-2_nominal,10,20.4,0.9487179487179487,0.868
SMHDD,pomeroy-pn-freq-2_nominal,1,20.3,0.9743589743589743,0.224
SMHDD,pomeroy-pn-freq-2_nominal,2,20.4,1.0,0.248
SMHDD,pomeroy-pn-freq-2_nominal,3,20.2,1.0,0.208
SMHDD,pomeroy-pn-freq-2_nominal,4,20.4,1.0,0.234
SMHDD,pomeroy-pn-freq-2_nominal,5,20.3,1.0,0.199
SMHDD,pomeroy-pn-freq-2_nominal,6,20.2,0.9743589743589743,0.225
SMHDD,pomeroy-pn-freq-2_nominal,7,20.4,0.9487179487179487,0.241
SMHDD,pomeroy-pn-freq-2_nominal,8,20.3,1.0,0.215
SMHDD,pomeroy-pn-freq-2_nominal,9,20.3,0.9743589743589743,0.231
SMHDD,pomeroy-pn-freq-2_nominal,10,20.4,0.9487179487179487,0.218
SD,shipp-pn-freq-2_nominal,1,38.0,0.9310344827586207,0.931
SD,shipp-pn-freq-2_nominal,2,38.0,0.9310344827586207,0.927
SD,shipp-pn-freq-2_nominal,3,38.0,0.9310344827586207,0.927
SD,shipp-pn-freq-2_nominal,4,38.0,0.9310344827586207,0.923
SD,shipp-pn-freq-2_nominal,5,38.0,0.9310344827586207,0.929
SD,shipp-pn-freq-2_nominal,6,38.0,0.9310344827586207,0.927
SD,shipp-pn-freq-2_nominal,7,38.0,0.9310344827586207,0.929
SD,shipp-pn-freq-2_nominal,8,38.0,0.9310344827586207,0.931
SD,shipp-pn-freq-2_nominal,9,38.0,0.9310344827586207,0.935
SD,shipp-pn-freq-2_nominal,10,38.0,0.9310344827586207,0.939
SSDP+,shipp-pn-freq-2_nominal,1,38.0,0.9310344827586207,0.475
SSDP+,shipp-pn-freq-2_nominal,2,38.0,0.9310344827586207,0.484
SSDP+,shipp-pn-freq-2_nominal,3,38.0,0.9310344827586207,0.497
SSDP+,shipp-pn-freq-2_nominal,4,38.0,0.9310344827586207,0.502
SSDP+,shipp-pn-freq-2_nominal,5,38.0,0.9310344827586207,0.518
SSDP+,shipp-pn-freq-2_nominal,6,38.0,0.9310344827586207,0.492
SSDP+,shipp-pn-freq-2_nominal,7,38.0,0.9310344827586207,0.489
SSDP+,shipp-pn-freq-2_nominal,8,38.0,0.9310344827586207,0.493
SSDP+,shipp-pn-freq-2_nominal,9,38.0,0.9310344827586207,0.506
SSDP+,shipp-pn-freq-2_nominal,10,38.0,0.9310344827586207,0.494
SMHDD,shipp-pn-freq-2_nominal,1,38.0,0.9310344827586207,0.113
SMHDD,shipp-pn-freq-2_nominal,2,38.0,0.9310344827586207,0.115
SMHDD,shipp-pn-freq-2_nominal,3,38.0,0.9310344827586207,0.109
SMHDD,shipp-pn-freq-2_nominal,4,38.0,0.9310344827586207,0.112
SMHDD,shipp-pn-freq-2_nominal,5,38.0,0.9310344827586207,0.11
SMHDD,shipp-pn-freq-2_nominal,6,38.0,0.9310344827586207,0.111
SMHDD,shipp-pn-freq-2_nominal,7,38.0,0.9310344827586207,0.114
SMHDD,shipp-pn-freq-2_nominal,8,38.0,0.9310344827586207,0.116
SMHDD,shipp-pn-freq-2_nominal,9,38.0,0.9310344827586207,0.112
SMHDD,shipp-pn-freq-2_nominal,10,38.0,0.9310344827586207,0.116
SD,singh-pn-freq-2_nominal,1,36.5,0.9423076923076923,2.658
SD,singh-pn-freq-2_nominal,2,36.5,0.9423076923076923,2.709
SD,singh-pn-freq-2_nominal,3,36.5,0.9423076923076923,2.733
SD,singh-pn-freq-2_nominal,4,36.5,0.9423076923076923,2.692
SD,singh-pn-freq-2_nominal,5,36.5,0.9423076923076923,2.703
SD,singh-pn-freq-2_nominal,6,36.5,0.9423076923076923,2.682
SD,singh-pn-freq-2_nominal,7,36.5,0.9423076923076923,2.682
SD,singh-pn-freq-2_nominal,8,36.5,0.9423076923076923,2.683
SD,singh-pn-freq-2_nominal,9,36.5,0.9423076923076923,2.687
SD,singh-pn-freq-2_nominal,10,36.5,0.9423076923076923,2.703
SSDP+,singh-pn-freq-2_nominal,1,36.5,0.9230769230769231,2.09
SSDP+,singh-pn-freq-2_nominal,2,37.1,0.9230769230769231,2.825
SSDP+,singh-pn-freq-2_nominal,3,36.5,0.9615384615384616,2.157
SSDP+,singh-pn-freq-2_nominal,4,36.5,0.9230769230769231,2.166
SSDP+,singh-pn-freq-2_nominal,5,37.1,0.9038461538461539,2.859
SSDP+,singh-pn-freq-2_nominal,6,36.8,0.9038461538461539,3.009
SSDP+,singh-pn-freq-2_nominal,7,36.9,0.9230769230769231,2.697
SSDP+,singh-pn-freq-2_nominal,8,36.7,0.9615384615384616,2.62
SSDP+,singh-pn-freq-2_nominal,9,37.0,0.9038461538461539,3.143
SSDP+,singh-pn-freq-2_nominal,10,37.0,0.9230769230769231,2.927
SMHDD,singh-pn-freq-2_nominal,1,36.5,0.9230769230769231,0.407
SMHDD,singh-pn-freq-2_nominal,2,37.1,0.9230769230769231,0.616
SMHDD,singh-pn-freq-2_nominal,3,36.5,0.9615384615384616,0.485
SMHDD,singh-pn-freq-2_nominal,4,36.5,0.9230769230769231,0.443
SMHDD,singh-pn-freq-2_nominal,5,37.1,0.9038461538461539,0.626
SMHDD,singh-pn-freq-2_nominal,6,36.8,0.9038461538461539,0.686
SMHDD,singh-pn-freq-2_nominal,7,36.9,0.9230769230769231,0.592
SMHDD,singh-pn-freq-2_nominal,8,36.7,0.9615384615384616,0.586
SMHDD,singh-pn-freq-2_nominal,9,37.0,0.9038461538461539,0.754
SMHDD,singh-pn-freq-2_nominal,10,37.0,0.9230769230769231,0.659
SD,sorlie-pn-freq-2_nominal,1,22.2,0.96875,0.107
SD,sorlie-pn-freq-2_nominal,2,22.2,0.96875,0.108
SD,sorlie-pn-freq-2_nominal,3,22.2,0.96875,0.106
SD,sorlie-pn-freq-2_nominal,4,22.2,0.96875,0.108
SD,sorlie-pn-freq-2_nominal,5,22.2,0.96875,0.107
SD,sorlie-pn-freq-2_nominal,6,22.2,0.96875,0.106
SD,sorlie-pn-freq-2_nominal,7,22.2,0.96875,0.109
SD,sorlie-pn-freq-2_nominal,8,22.2,0.96875,0.107
SD,sorlie-pn-freq-2_nominal,9,22.2,0.96875,0.108
SD,sorlie-pn-freq-2_nominal,10,22.2,0.96875,0.107
SSDP+,sorlie-pn-freq-2_nominal,1,23.9,0.96875,0.068
SSDP+,sorlie-pn-freq-2_nominal,2,23.9,0.9375,0.08
SSDP+,sorlie-pn-freq-2_nominal,3,23.7,0.96875,0.087
SSDP+,sorlie-pn-freq-2_nominal,4,23.7,0.96875,0.084
SSDP+,sorlie-pn-freq-2_nominal,5,23.7,1.0,0.07
SSDP+,sorlie-pn-freq-2_nominal,6,23.5,1.0,0.07
SSDP+,sorlie-pn-freq-2_nominal,7,23.8,1.0,0.061
SSDP+,sorlie-pn-freq-2_nominal,8,23.7,1.0,0.073
SSDP+,sorlie-pn-freq-2_nominal,9,24.0,0.96875,0.067
SSDP+,sorlie-pn-freq-2_nominal,10,23.9,1.0,0.07
SMHDD,sorlie-pn-freq-2_nominal,1,23.9,0.96875,0.021
SMHDD,sorlie-pn-freq-2_nominal,2,23.9,0.9375,0.024
SMHDD,sorlie-pn-freq-2_nominal,3,23.7,0.96875,0.031
SMHDD,sorlie-pn-freq-2_nominal,4,23.7,0.96875,0.026
SMHDD,sorlie-pn-freq-2_nominal,5,23.7,1.0,0.021
SMHDD,sorlie-pn-freq-2_nominal,6,23.5,1.0,0.026
SMHDD,sorlie-pn-freq-2_nominal,7,23.8,1.0,0.019
SMHDD,sorlie-pn-freq-2_nominal,8,23.7,1.0,0.022
SMHDD,sorlie-pn-freq-2_nominal,9,24.0,0.96875,0.023
SMHDD,sorlie-pn-freq-2_nominal,10,23.9,1.0,0.023
SD,subramanian-pn-freq-2_nominal,1,18.1,1.0,1.191
SD,subramanian-pn-freq-2_nominal,2,18.1,1.0,1.185
SD,subramanian-pn-freq-2_nominal,3,18.1,1.0,1.19
SD,subramanian-pn-freq-2_nominal,4,18.1,1.0,1.196
SD,subramanian-pn-freq-2_nominal,5,18.1,1.0,1.195
SD,subramanian-pn-freq-2_nominal,6,18.1,1.0,1.192
SD,subramanian-pn-freq-2_nominal,7,18.1,1.0,1.192
SD,subramanian-pn-freq-2_nominal,8,18.1,1.0,1.189
SD,subramanian-pn-freq-2_nominal,9,18.1,1.0,1.189
SD,subramanian-pn-freq-2_nominal,10,18.1,1.0,1.188
SSDP+,subramanian-pn-freq-2_nominal,1,18.1,1.0,1.001
SSDP+,subramanian-pn-freq-2_nominal,2,18.1,0.9696969696969697,0.942
SSDP+,subramanian-pn-freq-2_nominal,3,18.1,0.9696969696969697,0.978
SSDP+,subramanian-pn-freq-2_nominal,4,18.1,0.9696969696969697,0.995
SSDP+,subramanian-pn-freq-2_nominal,5,18.1,1.0,0.991
SSDP+,subramanian-pn-freq-2_nominal,6,18.1,1.0,1.064
SSDP+,subramanian-pn-freq-2_nominal,7,18.1,1.0,1.018
SSDP+,subramanian-pn-freq-2_nominal,8,18.1,0.9696969696969697,1.037
SSDP+,subramanian-pn-freq-2_nominal,9,18.1,0.9696969696969697,0.995
SSDP+,subramanian-pn-freq-2_nominal,10,18.1,1.0,1.067
SMHDD,subramanian-pn-freq-2_nominal,1,18.1,1.0,0.263
SMHDD,subramanian-pn-freq-2_nominal,2,18.1,0.9696969696969697,0.254
SMHDD,subramanian-pn-freq-2_nominal,3,18.1,0.9696969696969697,0.261
SMHDD,subramanian-pn-freq-2_nominal,4,18.1,0.9696969696969697,0.271
SMHDD,subramanian-pn-freq-2_nominal,5,18.1,1.0,0.269
SMHDD,subramanian-pn-freq-2_nominal,6,18.1,1.0,0.275
SMHDD,subramanian-pn-freq-2_nominal,7,18.1,1.0,0.254
SMHDD,subramanian-pn-freq-2_nominal,8,18.1,0.9696969696969697,0.26
SMHDD,subramanian-pn-freq-2_nominal,9,18.1,0.9696969696969697,0.264
SMHDD,subramanian-pn-freq-2_nominal,10,18.1,1.0,0.266
SD,sun-pn-freq-2_nominal,1,39.3,0.7125,27.683
SD,sun-pn-freq-2_nominal,2,39.3,0.7125,28.345
SD,sun-pn-freq-2_nominal,3,39.3,0.7125,28.386
SD,sun-pn-freq-2_nominal,4,39.3,0.7125,28.448
SD,sun-pn-freq-2_nominal,5,39.3,0.7125,28.543
SD,sun-pn-freq-2_nominal,6,39.3,0.7125,28.757
SD,sun-pn-freq-2_nominal,7,39.3,0.7125,28.887
SD,sun-pn-freq-2_nominal,8,39.3,0.7125,28.92
SD,sun-pn-freq-2_nominal,9,39.3,0.7125,28.61
SD,sun-pn-freq-2_nominal,10,39.3,0.7125,28.639
SSDP+,sun-pn-freq-2_nominal,1,57.2,0.875,47.636
SSDP+,sun-pn-freq-2_nominal,2,56.7,0.8625,48.76
SSDP+,sun-pn-freq-2_nominal,3,57.0,0.8875,50.952
SSDP+,sun-pn-freq-2_nominal,4,57.5,0.875,56.564
SSDP+,sun-pn-freq-2_nominal,5,57.3,0.8875,51.403
SSDP+,sun-pn-freq-2_nominal,6,57.1,0.8875,55.694
SSDP+,sun-pn-freq-2_nominal,7,57.5,0.875,59.671
SSDP+,sun-pn-freq-2_nominal,8,57.0,0.875,52.861
SSDP+,sun-pn-freq-2_nominal,9,56.5,0.875,47.128
SSDP+,sun-pn-freq-2_nominal,10,57.3,0.875,53.791
SMHDD,sun-pn-freq-2_nominal,1,57.2,0.875,10.119
SMHDD,sun-pn-freq-2_nominal,2,56.7,0.8625,9.91
SMHDD,sun-pn-freq-2_nominal,3,57.0,0.8875,10.513
SMHDD,sun-pn-freq-2_nominal,4,57.5,0.875,10.739
SMHDD,sun-pn-freq-2_nominal,5,57.3,0.8875,9.773
SMHDD,sun-pn-freq-2_nominal,6,57.1,0.8875,10.47
SMHDD,sun-pn-freq-2_nominal,7,57.5,0.875,11.384
SMHDD,sun-pn-freq-2_nominal,8,57.0,0.875,10.674
SMHDD,sun-pn-freq-2_nominal,9,56.5,0.875,9.209
SMHDD,sun-pn-freq-2_nominal,10,57.3,0.875,9.959
SD,tian-pn-freq-2_nominal,1,56.0,0.8686131386861314,4.675
SD,tian-pn-freq-2_nominal,2,56.0,0.8686131386861314,4.786
SD,tian-pn-freq-2_nominal,3,56.0,0.8686131386861314,4.864
SD,tian-pn-freq-2_nominal,4,56.0,0.8686131386861314,4.776
SD,tian-pn-freq-2_nominal,5,56.0,0.8686131386861314,4.849
SD,tian-pn-freq-2_nominal,6,56.0,0.8686131386861314,4.824
SD,tian-pn-freq-2_nominal,7,56.0,0.8686131386861314,4.873
SD,tian-pn-freq-2_nominal,8,56.0,0.8686131386861314,4.803
SD,tian-pn-freq-2_nominal,9,56.0,0.8686131386861314,4.833
SD,tian-pn-freq-2_nominal,10,56.0,0.8686131386861314,4.812
SSDP+,tian-pn-freq-2_nominal,1,55.9,0.8686131386861314,4.133
SSDP+,tian-pn-freq-2_nominal,2,56.0,0.8832116788321168,4.153
SSDP+,tian-pn-freq-2_nominal,3,56.1,0.8467153284671532,4.405
SSDP+,tian-pn-freq-2_nominal,4,56.2,0.8613138686131386,4.052
SSDP+,tian-pn-freq-2_nominal,5,55.7,0.8759124087591241,4.088
SSDP+,tian-pn-freq-2_nominal,6,56.0,0.8905109489051095,4.068
SSDP+,tian-pn-freq-2_nominal,7,56.2,0.8905109489051095,4.34
SSDP+,tian-pn-freq-2_nominal,8,56.2,0.8905109489051095,3.847
SSDP+,tian-pn-freq-2_nominal,9,56.0,0.8686131386861314,3.874
SSDP+,tian-pn-freq-2_nominal,10,56.0,0.8832116788321168,3.712
SMHDD,tian-pn-freq-2_nominal,1,55.9,0.8686131386861314,0.758
SMHDD,tian-pn-freq-2_nominal,2,56.0,0.8832116788321168,0.744
SMHDD,tian-pn-freq-2_nominal,3,56.1,0.8467153284671532,0.829
SMHDD,tian-pn-freq-2_nominal,4,56.2,0.8613138686131386,0.794
SMHDD,tian-pn-freq-2_nominal,5,55.7,0.8759124087591241,0.779
SMHDD,tian-pn-freq-2_nominal,6,56.0,0.8905109489051095,0.77
SMHDD,tian-pn-freq-2_nominal,7,56.2,0.8905109489051095,0.852
SMHDD,tian-pn-freq-2_nominal,8,56.2,0.8905109489051095,0.743
SMHDD,tian-pn-freq-2_nominal,9,56.0,0.8686131386861314,0.728
SMHDD,tian-pn-freq-2_nominal,10,56.0,0.8832116788321168,0.68
SD,west-pn-freq-2_nominal,1,17.2,0.92,0.774
SD,west-pn-freq-2_nominal,2,17.2,0.92,0.783
SD,west-pn-freq-2_nominal,3,17.2,0.92,0.782
SD,west-pn-freq-2_nominal,4,17.2,0.92,0.787
SD,west-pn-freq-2_nominal,5,17.2,0.92,0.785
SD,west-pn-freq-2_nominal,6,17.2,0.92,0.78
SD,west-pn-freq-2_nominal,7,17.2,0.92,0.787
SD,west-pn-freq-2_nominal,8,17.2,0.92,0.782
SD,west-pn-freq-2_nominal,9,17.2,0.92,0.784
SD,west-pn-freq-2_nominal,10,17.2,0.92,0.784
SSDP+,west-pn-freq-2_nominal,1,17.2,0.92,0.668
SSDP+,west-pn-freq-2_nominal,2,17.2,0.92,0.584
SSDP+,west-pn-freq-2_nominal,3,17.2,0.92,0.639
SSDP+,west-pn-freq-2_nominal,4,17.2,0.92,0.678
SSDP+,west-pn-freq-2_nominal,5,17.2,0.92,0.677
SSDP+,west-pn-freq-2_nominal,6,17.2,0.92,0.639
SSDP+,west-pn-freq-2_nominal,7,17.2,0.92,0.662
SSDP+,west-pn-freq-2_nominal,8,17.2,0.92,0.612
SSDP+,west-pn-freq-2_nominal,9,17.2,0.92,0.699
SSDP+,west-pn-freq-2_nominal,10,17.2,0.92,0.724
SMHDD,west-pn-freq-2_nominal,1,17.2,0.92,0.204
SMHDD,west-pn-freq-2_nominal,2,17.2,0.92,0.164
SMHDD,west-pn-freq-2_nominal,3,17.2,0.92,0.191
SMHDD,west-pn-freq-2_nominal,4,17.2,0.92,0.191
SMHDD,west-pn-freq-2_nominal,5,17.2,0.92,0.195
SMHDD,west-pn-freq-2_nominal,6,17.2,0.92,0.187
SMHDD,west-pn-freq-2_nominal,7,17.2,0.92,0.202
SMHDD,west-pn-freq-2_nominal,8,17.2,0.92,0.175
SMHDD,west-pn-freq-2_nominal,9,17.2,0.92,0.203
SMHDD,west-pn-freq-2_nominal,10,17.2,0.92,0.206
SD,yeoh-pn-freq-2_nominal,1,66.9,0.9620253164556962,9.182
SD,yeoh-pn-freq-2_nominal,2,66.9,0.9620253164556962,9.303
SD,yeoh-pn-freq-2_nominal,3,66.9,0.9620253164556962,9.249
SD,yeoh-pn-freq-2_nominal,4,66.9,0.9620253164556962,9.238
SD,yeoh-pn-freq-2_nominal,5,66.9,0.9620253164556962,9.184
SD,yeoh-pn-freq-2_nominal,6,66.9,0.9620253164556962,9.179
SD,yeoh-pn-freq-2_nominal,7,66.9,0.9620253164556962,9.219
SD,yeoh-pn-freq-2_nominal,8,66.9,0.9620253164556962,9.249
SD,yeoh-pn-freq-2_nominal,9,66.9,0.9620253164556962,9.275
SD,yeoh-pn-freq-2_nominal,10,66.9,0.9620253164556962,9.2
SSDP+,yeoh-pn-freq-2_nominal,1,73.7,1.0,7.049
SSDP+,yeoh-pn-freq-2_nominal,2,73.7,1.0,8.259
SSDP+,yeoh-pn-freq-2_nominal,3,73.7,1.0,7.126
SSDP+,yeoh-pn-freq-2_nominal,4,73.4,1.0,7.093
SSDP+,yeoh-pn-freq-2_nominal,5,73.5,1.0,6.991
SSDP+,yeoh-pn-freq-2_nominal,6,73.7,1.0,7.666
SSDP+,yeoh-pn-freq-2_nominal,7,73.6,1.0,6.969
SSDP+,yeoh-pn-freq-2_nominal,8,73.8,1.0,7.187
SSDP+,yeoh-pn-freq-2_nominal,9,73.7,1.0,7.311
SSDP+,yeoh-pn-freq-2_nominal,10,73.6,1.0,6.882
SMHDD,yeoh-pn-freq-2_nominal,1,73.7,1.0,1.342
SMHDD,yeoh-pn-freq-2_nominal,2,73.7,1.0,1.642
SMHDD,yeoh-pn-freq-2_nominal,3,73.7,1.0,1.258
SMHDD,yeoh-pn-freq-2_nominal,4,73.4,1.0,1.289
SMHDD,yeoh-pn-freq-2_nominal,5,73.5,1.0,1.227
SMHDD,yeoh-pn-freq-2_nominal,6,73.7,1.0,1.497
SMHDD,yeoh-pn-freq-2_nominal,7,73.6,1.0,1.186
SMHDD,yeoh-pn-freq-2_nominal,8,73.8,1.0,1.274
SMHDD,yeoh-pn-freq-2_nominal,9,73.7,1.0,1.333
SMHDD,yeoh-pn-freq-2_nominal,10,73.6,1.0,1.179